ts_utc,mid,spread_bps,depth_bid_0p5pct,depth_ask_0p5pct,depth_bid_1pct,depth_ask_1pct,depth_bid_0p5pct_usd,depth_ask_0p5pct_usd,depth_bid_1pct_usd,depth_ask_1pct_usd
2025-09-13T07:40:56Z,0.54425,1.8373909049148183,2175032.4000000004,1990298.2000000002,4963599.100000001,3290494.0000000014,1180877.9718499999,1085878.9698800002,2687678.22591,1798771.4059100007
