ts_utc,mid,spread_bps,depth_bid_0p5pct,depth_ask_0p5pct,depth_bid_1pct,depth_ask_1pct,depth_bid_0p5pct_usd,depth_ask_0p5pct_usd,depth_bid_1pct_usd,depth_ask_1pct_usd
2025-09-17T11:40:50Z,0.49035,2.0393596410724784,3164810.0,2524690.5,5833458.600000001,3492128.5,1548410.87572,1240711.95426,2847361.2098900005,1718422.4181300004
