ts_utc,mid,spread_bps,depth_bid_0p5pct,depth_ask_0p5pct,depth_bid_1pct,depth_ask_1pct,depth_bid_0p5pct_usd,depth_ask_0p5pct_usd,depth_bid_1pct_usd,depth_ask_1pct_usd
2025-09-20T21:25:00Z,0.49495,2.0204061016262043,2342506.5,2299049.8000000003,4461225.899999999,3109501.8000000007,1156813.69719,1140470.24763,2197538.81174,1544591.0742199998
