ts_utc,mid,spread_bps,depth_bid_0p5pct,depth_ask_0p5pct,depth_bid_1pct,depth_ask_1pct,depth_bid_0p5pct_usd,depth_ask_0p5pct_usd,depth_bid_1pct_usd,depth_ask_1pct_usd
2025-09-15T20:33:13Z,0.49095,2.036867298095305,3158168.5999999996,2324017.0,5693060.500000001,3500283.1000000006,1547105.01126,1143746.0563300003,2782258.18285,1725638.4276799997
