ts_utc,mid,spread_bps,depth_bid_0p5pct,depth_ask_0p5pct,depth_bid_1pct,depth_ask_1pct,depth_bid_0p5pct_usd,depth_ask_0p5pct_usd,depth_bid_1pct_usd,depth_ask_1pct_usd
2025-09-14T22:57:00Z,0.51835,1.9291984180570847,2156825.6,1952585.7000000004,4094539.3000000007,3353574.3000000007,1115424.81513,1014547.7698500002,2112504.41285,1745713.7445699999
