ts_utc,mid,spread_bps,depth_bid_0p5pct,depth_ask_0p5pct,depth_bid_1pct,depth_ask_1pct,depth_bid_0p5pct_usd,depth_ask_0p5pct_usd,depth_bid_1pct_usd,depth_ask_1pct_usd
2025-09-13T11:51:32Z,0.55435,1.8039144944527643,2132840.5,2361394.4,4418565.1,3374858.9999999995,1179528.6895499998,1311988.19305,2437501.5731599987,1878085.8672699996
