ts_utc,mid,spread_bps,depth_bid_0p5pct,depth_ask_0p5pct,depth_bid_1pct,depth_ask_1pct,depth_bid_0p5pct_usd,depth_ask_0p5pct_usd,depth_bid_1pct_usd,depth_ask_1pct_usd
2025-09-21T15:29:09Z,0.48595,2.0578248791025615,3049296.700000001,2498018.8999999994,5819056.400000001,4119601.6999999993,1478289.7662199999,1216586.9372299998,2814720.57113,2010553.7114199996
