ts_utc,mid,spread_bps,depth_bid_0p5pct,depth_ask_0p5pct,depth_bid_1pct,depth_ask_1pct,depth_bid_0p5pct_usd,depth_ask_0p5pct_usd,depth_bid_1pct_usd,depth_ask_1pct_usd
2025-09-13T07:28:24Z,0.54495,1.8350307367646386,2437502.2,1933035.9,5134123.899999999,3119708.1999999993,1325385.7897700001,1055957.9447400002,2783888.5623000003,1707385.2843300002
