ts_utc,mid,spread_bps,depth_bid_0p5pct,depth_ask_0p5pct,depth_bid_1pct,depth_ask_1pct,depth_bid_0p5pct_usd,depth_ask_0p5pct_usd,depth_bid_1pct_usd,depth_ask_1pct_usd
2025-09-18T11:40:58Z,0.51605,1.937796725123321,2624187.4,2505242.1000000006,5198814.899999999,3732312.6000000006,1350834.2881300002,1295927.1152,2669285.3291399996,1933830.8366500007
