ts_utc,mid,spread_bps,depth_bid_0p5pct,depth_ask_0p5pct,depth_bid_1pct,depth_ask_1pct,depth_bid_0p5pct_usd,depth_ask_0p5pct_usd,depth_bid_1pct_usd,depth_ask_1pct_usd
2025-09-16T20:46:44Z,0.49665,2.013490385583187,2845067.9,2459210.1,5551529.999999998,3697727.7,1409664.2908900003,1224206.5184199999,2743708.8677000003,1843904.5225399996
