ts_utc,mid,spread_bps,depth_bid_0p5pct,depth_ask_0p5pct,depth_bid_1pct,depth_ask_1pct,depth_bid_0p5pct_usd,depth_ask_0p5pct_usd,depth_bid_1pct_usd,depth_ask_1pct_usd
2025-09-18T05:58:15Z,0.51915,1.9262255610129824,2499466.4999999995,2045818.2000000002,4757781.599999998,3323177.9000000004,1294501.7038,1064687.2640200001,2458247.8445400004,1732494.22848
