ts_utc,mid,spread_bps,depth_bid_0p5pct,depth_ask_0p5pct,depth_bid_1pct,depth_ask_1pct,depth_bid_0p5pct_usd,depth_ask_0p5pct_usd,depth_bid_1pct_usd,depth_ask_1pct_usd
2025-09-17T15:34:07Z,0.48885,2.0456172650094913,2555037.5,2343279.6999999997,5891606.3,3415560.900000001,1246288.4906499998,1148203.4379100003,2865370.2997999997,1676108.4735600003
