ts_utc,mid,spread_bps,depth_bid_0p5pct,depth_ask_0p5pct,depth_bid_1pct,depth_ask_1pct,depth_bid_0p5pct_usd,depth_ask_0p5pct_usd,depth_bid_1pct_usd,depth_ask_1pct_usd
2025-09-17T20:58:58Z,0.50315,1.9874788830366488,2456265.5,2231915.8,4849402.9,3482844.299999999,1232784.8341599999,1125244.3307299998,2428128.693729999,1759245.5130899996
