ts_utc,mid,spread_bps,depth_bid_0p5pct,depth_ask_0p5pct,depth_bid_1pct,depth_ask_1pct,depth_bid_0p5pct_usd,depth_ask_0p5pct_usd,depth_bid_1pct_usd,depth_ask_1pct_usd
2025-09-14T19:36:04Z,0.51615,1.9374212922597884,2403201.4000000004,2856364.8,4467685.199999999,4076305.099999999,1237517.92961,1477688.5601400002,2295022.3497999995,2112059.6208400005
