ts_utc,mid,spread_bps,depth_bid_0p5pct,depth_ask_0p5pct,depth_bid_1pct,depth_ask_1pct,depth_bid_0p5pct_usd,depth_ask_0p5pct_usd,depth_bid_1pct_usd,depth_ask_1pct_usd
2025-09-13T17:00:32Z,0.53795,1.8589088205221485,1682624.4,1838051.3000000003,4435509.4,3254917.7,903040.3422000001,991468.8227299999,2373029.65992,1759329.7232899999
