ts_utc,mid,spread_bps,depth_bid_0p5pct,depth_ask_0p5pct,depth_bid_1pct,depth_ask_1pct,depth_bid_0p5pct_usd,depth_ask_0p5pct_usd,depth_bid_1pct_usd,depth_ask_1pct_usd
2025-09-18T23:28:19Z,0.5226500000000001,1.9133263178054145,1814509.1000000003,2417750.6999999997,4480651.600000001,3645862.0999999996,946053.4865199999,1266534.7310700004,2329446.5601,1913101.96922
