ts_utc,mid,spread_bps,depth_bid_0p5pct,depth_ask_0p5pct,depth_bid_1pct,depth_ask_1pct,depth_bid_0p5pct_usd,depth_ask_0p5pct_usd,depth_bid_1pct_usd,depth_ask_1pct_usd
2025-09-24T10:41:25Z,0.43935,2.2760896779330597,3132041.8000000003,2790520.8,5898532.9,4279077.2,1372584.41545,1228969.65814,2579362.32673,1887676.8407500004
