ts_utc,mid,spread_bps,depth_bid_0p5pct,depth_ask_0p5pct,depth_bid_1pct,depth_ask_1pct,depth_bid_0p5pct_usd,depth_ask_0p5pct_usd,depth_bid_1pct_usd,depth_ask_1pct_usd
2025-09-14T09:41:04Z,0.53265,1.8774054257014736,2561173.6999999997,2537656.4,5645956.6,3713200.7999999993,1360682.5966799995,1354881.77234,2991840.4915,1985605.9357500002
