ts_utc,mid,spread_bps,depth_bid_0p5pct,depth_ask_0p5pct,depth_bid_1pct,depth_ask_1pct,depth_bid_0p5pct_usd,depth_ask_0p5pct_usd,depth_bid_1pct_usd,depth_ask_1pct_usd
2025-09-20T15:42:01Z,0.49605,2.0159258139298255,2787043.6999999997,1950494.8,5269169.899999999,3681075.600000001,1379233.7645100001,969706.49186,2601500.7046400006,1834762.1694300002
