ts_utc,mid,spread_bps,depth_bid_0p5pct,depth_ask_0p5pct,depth_bid_1pct,depth_ask_1pct,depth_bid_0p5pct_usd,depth_ask_0p5pct_usd,depth_bid_1pct_usd,depth_ask_1pct_usd
2025-09-19T18:47:06Z,0.49055,2.0385281826519006,1979323.3000000003,2088276.1,4637803.5,3487824.3000000003,968468.30372,1026897.8522200001,2263349.6132999994,1718429.82263
