ts_utc,mid,spread_bps,depth_bid_0p5pct,depth_ask_0p5pct,depth_bid_1pct,depth_ask_1pct,depth_bid_0p5pct_usd,depth_ask_0p5pct_usd,depth_bid_1pct_usd,depth_ask_1pct_usd
2025-09-16T15:47:37Z,0.49195,2.032726903140339,2747460.6,2301631.7999999993,4990792.700000001,3591614.7999999993,1348193.10556,1135048.95791,2443983.8209999995,1774322.620080001
