ts_utc,mid,spread_bps,depth_bid_0p5pct,depth_ask_0p5pct,depth_bid_1pct,depth_ask_1pct,depth_bid_0p5pct_usd,depth_ask_0p5pct_usd,depth_bid_1pct_usd,depth_ask_1pct_usd
2025-09-23T15:48:02Z,0.43795,2.2833656810135627,3422289.6999999997,2673908.0,6338031.7,4824053.599999999,1495153.7527800002,1173717.00232,2762714.4231699994,2122173.93646
