ts_utc,mid,spread_bps,depth_bid_0p5pct,depth_ask_0p5pct,depth_bid_1pct,depth_ask_1pct,depth_bid_0p5pct_usd,depth_ask_0p5pct_usd,depth_bid_1pct_usd,depth_ask_1pct_usd
2025-09-22T11:42:36Z,0.43645,2.2912131973877647,2538051.8000000007,2065713.8,5135557.500000001,3826129.0,1105093.54456,903689.06779,2230441.8231200003,1677808.3512900001
