ts_utc,mid,spread_bps,depth_bid_0p5pct,depth_ask_0p5pct,depth_bid_1pct,depth_ask_1pct,depth_bid_0p5pct_usd,depth_ask_0p5pct_usd,depth_bid_1pct_usd,depth_ask_1pct_usd
2025-09-19T13:19:10Z,0.50275,1.9890601690698952,2486557.0999999996,2124363.1,5099652.799999999,3881502.0999999996,1246957.8990399998,1070259.70163,2551261.5819400004,1959809.4070499996
